equipment_type,code,part_no
press,E-101,P-ELC-001
press,E-102,P-ELC-002
press,E-115,P-ELC-003
press,E-201,P-HYD-005
press,E-201,P-HYD-006
press,E-203,P-HYD-003
press,E-203,P-HYD-001
press,E-203,P-HYD-002
press,E-203,P-HYD-004
press,E-210,P-PNE-001
press,E-210,P-PNE-002
press,E-301,P-MEC-001
press,E-305,P-SAF-001
cnc,E-101,P-MEC-002
cnc,E-104,P-ELC-004
cnc,E-120,P-ELC-003
cnc,E-202,P-LUB-003
cnc,E-202,P-LUB-002
cnc,E-207,P-LUB-001
cnc,E-211,P-PNE-001
cnc,E-302,P-MEC-002
cnc,E-308,P-SAF-002
