equipment_id,code,doc_id
PRESS-01,E-101,MAN-PRESS-01
PRESS-01,E-102,MAN-PRESS-01
PRESS-01,E-115,MAN-PRESS-01
PRESS-01,E-201,MAN-PRESS-01
PRESS-01,E-203,MAN-PRESS-01
PRESS-01,E-210,MAN-PRESS-01
PRESS-01,E-301,MAN-PRESS-01
PRESS-01,E-305,MAN-PRESS-01
PRESS-02,E-101,MAN-PRESS-02
PRESS-02,E-102,MAN-PRESS-02
PRESS-02,E-115,MAN-PRESS-02
PRESS-02,E-201,MAN-PRESS-02
PRESS-02,E-203,MAN-PRESS-02
PRESS-02,E-210,MAN-PRESS-02
PRESS-02,E-301,MAN-PRESS-02
PRESS-02,E-305,MAN-PRESS-02
PRESS-03,E-101,MAN-PRESS-03
PRESS-03,E-102,MAN-PRESS-03
PRESS-03,E-115,MAN-PRESS-03
PRESS-03,E-201,MAN-PRESS-03
PRESS-03,E-203,MAN-PRESS-03
PRESS-03,E-210,MAN-PRESS-03
PRESS-03,E-301,MAN-PRESS-03
PRESS-03,E-305,MAN-PRESS-03
PRESS-04,E-101,MAN-PRESS-04
PRESS-04,E-102,MAN-PRESS-04
PRESS-04,E-115,MAN-PRESS-04
PRESS-04,E-201,MAN-PRESS-04
PRESS-04,E-203,MAN-PRESS-04
PRESS-04,E-210,MAN-PRESS-04
PRESS-04,E-301,MAN-PRESS-04
PRESS-04,E-305,MAN-PRESS-04
PRESS-05,E-101,MAN-PRESS-05
PRESS-05,E-102,MAN-PRESS-05
PRESS-05,E-115,MAN-PRESS-05
PRESS-05,E-201,MAN-PRESS-05
PRESS-05,E-203,MAN-PRESS-05
PRESS-05,E-210,MAN-PRESS-05
PRESS-05,E-301,MAN-PRESS-05
PRESS-05,E-305,MAN-PRESS-05
CNC-01,E-101,MAN-CNC-01
CNC-01,E-104,MAN-CNC-01
CNC-01,E-120,MAN-CNC-01
CNC-01,E-202,MAN-CNC-01
CNC-01,E-207,MAN-CNC-01
CNC-01,E-211,MAN-CNC-01
CNC-01,E-302,MAN-CNC-01
CNC-01,E-308,MAN-CNC-01
CNC-02,E-101,MAN-CNC-02
CNC-02,E-104,MAN-CNC-02
CNC-02,E-120,MAN-CNC-02
CNC-02,E-202,MAN-CNC-02
CNC-02,E-207,MAN-CNC-02
CNC-02,E-211,MAN-CNC-02
CNC-02,E-302,MAN-CNC-02
CNC-02,E-308,MAN-CNC-02
CNC-03,E-101,MAN-CNC-03
CNC-03,E-104,MAN-CNC-03
CNC-03,E-120,MAN-CNC-03
CNC-03,E-202,MAN-CNC-03
CNC-03,E-207,MAN-CNC-03
CNC-03,E-211,MAN-CNC-03
CNC-03,E-302,MAN-CNC-03
CNC-03,E-308,MAN-CNC-03
CNC-04,E-101,MAN-CNC-04
CNC-04,E-104,MAN-CNC-04
CNC-04,E-120,MAN-CNC-04
CNC-04,E-202,MAN-CNC-04
CNC-04,E-207,MAN-CNC-04
CNC-04,E-211,MAN-CNC-04
CNC-04,E-302,MAN-CNC-04
CNC-04,E-308,MAN-CNC-04
CNC-05,E-101,MAN-CNC-05
CNC-05,E-104,MAN-CNC-05
CNC-05,E-120,MAN-CNC-05
CNC-05,E-202,MAN-CNC-05
CNC-05,E-207,MAN-CNC-05
CNC-05,E-211,MAN-CNC-05
CNC-05,E-302,MAN-CNC-05
CNC-05,E-308,MAN-CNC-05
CNC-02,E-302,QR-2026-001
PRESS-01,E-301,QR-2026-002
PRESS-03,E-203,QR-2026-003
CNC-04,E-202,QR-2026-004
PRESS-05,E-101,QR-2026-005
