record_id,equipment_id,work_date,alarm_code,work_type,description,parts_used,downtime_min,technician
MH-0017,CNC-04,2026-10-06,E-308,고장수리,도어 인터록 열림 경보. 가공 중 도어 개방 확인 후 조치.,P-SAF-002,215,정비원 M03
MH-0015,CNC-03,2026-10-05,E-207,고장수리,윤활유 부족 경보. 자동 윤활 탱크 유량 부족 확인 후 조치.,P-LUB-001,182,정비원 M06
MH-0031,CNC-02,2026-10-05,E-207,고장수리,윤활유 부족 경보. 윤활 펌프 고장 확인 후 조치.,P-LUB-001,246,정비원 M06
MH-0125,PRESS-05,2026-10-05,,예방정비,안전장치 기능 시험 합격,,57,정비원 M05
MH-0041,CNC-04,2026-10-02,E-207,고장수리,윤활유 부족 경보. 자동 윤활 탱크 유량 부족 확인 후 조치.,P-LUB-001,165,정비원 M01
MH-0101,PRESS-02,2026-09-30,E-305,고장수리,안전 광커튼 차단 경보. 광커튼 오염·정렬 불량 확인 후 조치.,P-SAF-001,204,정비원 M02
MH-0121,CNC-04,2026-09-29,E-104,고장수리,서보 드라이브 알람 경보. 서보 드라이브 과열 확인 후 조치.,P-ELC-004,266,정비원 M01
MH-0130,CNC-03,2026-09-29,E-302,고장수리,공구 마모 한계 초과 경보. 공구 수명 카운터 도달 확인 후 조치.,P-MEC-002,270,정비원 M03
MH-0022,CNC-01,2026-09-26,E-202,고장수리,절삭유 압력 저하 경보. 절삭유 필터 막힘 확인 후 조치.,P-LUB-003,66,정비원 M06
MH-0142,PRESS-05,2026-09-25,E-301,고장수리,금형 높이 이상 경보. 슬라이드 조정 모터 브레이크 마모 확인 후 조치.,P-MEC-001,55,정비원 M05
MH-0113,PRESS-05,2026-09-23,,예방정비,"월간 점검 실시, 이상 없음",,37,정비원 M05
MH-0134,PRESS-05,2026-09-22,,예방정비,"월간 점검 실시, 이상 없음",,38,정비원 M03
MH-0081,PRESS-01,2026-09-21,E-201,고장수리,유압유 온도 상승 경보. 릴리프 밸브 상시 개방으로 발열 확인 후 조치.,P-HYD-005,108,정비원 M02
MH-0145,CNC-03,2026-09-19,E-120,고장수리,NC 통신 이상 경보. 네트워크 설정 오류 확인 후 조치.,P-ELC-003,197,정비원 M06
MH-0001,PRESS-03,2026-09-18,E-203,고장수리,메인 압력 17MPa로 저하. 유압 필터 차압 적색. 필터 엘리먼트 교체 후 21MPa 회복.,P-HYD-003,95,정비원 M03
MH-0036,CNC-05,2026-09-16,E-302,고장수리,공구 마모 한계 초과 경보. 공구 수명 카운터 도달 확인 후 조치.,P-MEC-002,134,정비원 M06
MH-0180,CNC-05,2026-09-11,E-207,고장수리,윤활유 부족 경보. 윤활 펌프 고장 확인 후 조치.,P-LUB-001,278,정비원 M05
MH-0119,CNC-03,2026-09-10,,예방정비,필터 차압 점검 및 청소,,38,정비원 M04
MH-0173,CNC-02,2026-09-10,E-207,고장수리,윤활유 부족 경보. 자동 윤활 탱크 유량 부족 확인 후 조치.,P-LUB-001,289,정비원 M02
MH-0183,CNC-05,2026-09-08,,예방정비,안전장치 기능 시험 합격,,33,정비원 M02
MH-0018,PRESS-04,2026-09-07,,예방정비,"월간 점검 실시, 이상 없음",,25,정비원 M06
MH-0110,PRESS-02,2026-09-06,,예방정비,안전장치 기능 시험 합격,,58,정비원 M06
MH-0027,PRESS-02,2026-09-05,E-210,고장수리,공압 압력 저하(클러치·브레이크) 경보. 공장 공압 라인 압력 부족 확인 후 조치.,P-PNE-001,128,정비원 M02
MH-0008,PRESS-05,2026-09-03,,예방정비,안전장치 기능 시험 합격,,33,정비원 M06
MH-0167,PRESS-03,2026-09-03,,예방정비,안전장치 기능 시험 합격,,44,정비원 M05
MH-0035,CNC-05,2026-09-02,E-202,고장수리,절삭유 압력 저하 경보. 절삭유 필터 막힘 확인 후 조치.,P-LUB-002,156,정비원 M05
MH-0019,CNC-03,2026-09-01,E-120,고장수리,NC 통신 이상 경보. 네트워크 설정 오류 확인 후 조치.,P-ELC-003,114,정비원 M03
MH-0053,PRESS-05,2026-09-01,E-203,고장수리,유압 압력 저하 경보. 릴리프 밸브 설정 이탈 확인 후 조치.,P-HYD-002,199,정비원 M01
MH-0124,PRESS-03,2026-09-01,,예방정비,전기 단자 조임 점검,,41,정비원 M05
MH-0186,CNC-01,2026-08-31,E-101,고장수리,스핀들 모터 과부하 경보. 과도한 절삭 조건 확인 후 조치.,P-MEC-002,265,정비원 M01
MH-0038,CNC-01,2026-08-30,,예방정비,"월간 점검 실시, 이상 없음",,24,정비원 M05
MH-0029,PRESS-04,2026-08-29,E-102,고장수리,비상정지 회로 작동 경보. 안전 릴레이 배선 단선 확인 후 조치.,P-ELC-002,37,정비원 M01
MH-0080,PRESS-05,2026-08-26,E-101,고장수리,메인 모터 과부하 경보. 연속 고속 운전으로 모터 과열 확인 후 조치.,P-ELC-001,65,정비원 M06
MH-0115,CNC-03,2026-08-21,E-302,고장수리,공구 마모 한계 초과 경보. 공구 수명 카운터 도달 확인 후 조치.,P-MEC-002,83,정비원 M02
MH-0149,CNC-01,2026-08-21,E-101,고장수리,스핀들 모터 과부하 경보. 스핀들 베어링 손상 확인 후 조치.,P-MEC-002,93,정비원 M04
MH-0094,PRESS-01,2026-08-20,,예방정비,전기 단자 조임 점검,,35,정비원 M03
MH-0171,PRESS-02,2026-08-20,E-210,고장수리,공압 압력 저하(클러치·브레이크) 경보. 솔레노이드 밸브 누설 확인 후 조치.,P-PNE-001,60,정비원 M05
MH-0085,PRESS-04,2026-08-15,E-203,고장수리,유압 압력 저하 경보. 유압 필터 막힘으로 흡입 불량 확인 후 조치.,P-HYD-003,207,정비원 M05
MH-0141,CNC-03,2026-08-13,,예방정비,안전장치 기능 시험 합격,,56,정비원 M03
MH-0189,CNC-02,2026-08-13,,예방정비,전기 단자 조임 점검,,53,정비원 M01
MH-0148,CNC-01,2026-08-09,E-104,고장수리,서보 드라이브 알람 경보. 서보 드라이브 과열 확인 후 조치.,P-ELC-004,233,정비원 M05
MH-0056,CNC-04,2026-08-08,E-202,고장수리,절삭유 압력 저하 경보. 절삭유 필터 막힘 확인 후 조치.,P-LUB-002,253,정비원 M01
MH-0104,PRESS-04,2026-08-07,E-301,고장수리,금형 높이 이상 경보. 금형 교체 후 다이하이트 미설정 확인 후 조치.,P-MEC-001,260,정비원 M04
MH-0120,CNC-03,2026-08-05,,예방정비,필터 차압 점검 및 청소,,30,정비원 M03
MH-0002,PRESS-03,2026-08-02,E-203,고장수리,"압력 저하 경보. 펌프 축 씰 누유 확인, 씰 키트 교체.",P-HYD-001,240,정비원 M03
MH-0078,CNC-02,2026-07-29,E-120,고장수리,NC 통신 이상 경보. 네트워크 설정 오류 확인 후 조치.,P-ELC-003,224,정비원 M03
MH-0192,PRESS-02,2026-07-24,,예방정비,필터 차압 점검 및 청소,,58,정비원 M02
MH-0064,PRESS-04,2026-07-23,,예방정비,필터 차압 점검 및 청소,,50,정비원 M05
MH-0126,CNC-03,2026-07-22,E-308,고장수리,도어 인터록 열림 경보. 인터록 스위치 고장 확인 후 조치.,P-SAF-002,223,정비원 M04
MH-0072,PRESS-03,2026-07-21,,예방정비,필터 차압 점검 및 청소,,33,정비원 M01
MH-0139,CNC-04,2026-07-18,,예방정비,안전장치 기능 시험 합격,,57,정비원 M03
MH-0179,CNC-01,2026-07-18,E-211,고장수리,공압 압력 저하(공구 클램프) 경보. 공압 라인 압력 부족 확인 후 조치.,P-PNE-001,109,정비원 M02
MH-0045,PRESS-05,2026-07-16,E-301,고장수리,금형 높이 이상 경보. 슬라이드 조정 모터 브레이크 마모 확인 후 조치.,P-MEC-001,68,정비원 M06
MH-0147,PRESS-05,2026-07-14,,예방정비,전기 단자 조임 점검,,38,정비원 M06
MH-0030,PRESS-04,2026-07-13,E-305,고장수리,안전 광커튼 차단 경보. 광커튼 오염·정렬 불량 확인 후 조치.,P-SAF-001,60,정비원 M02
MH-0136,PRESS-03,2026-07-11,,예방정비,전기 단자 조임 점검,,59,정비원 M06
MH-0114,PRESS-01,2026-07-09,E-305,고장수리,안전 광커튼 차단 경보. 작업자 신체가 위험 영역에 진입 확인 후 조치.,P-SAF-001,253,정비원 M06
MH-0146,CNC-02,2026-07-09,,예방정비,안전장치 기능 시험 합격,,53,정비원 M05
MH-0161,PRESS-05,2026-07-09,,예방정비,"월간 점검 실시, 이상 없음",,28,정비원 M01
MH-0185,CNC-02,2026-07-09,,예방정비,필터 차압 점검 및 청소,,52,정비원 M05
MH-0193,PRESS-02,2026-07-08,E-305,고장수리,안전 광커튼 차단 경보. 수광부 고장 확인 후 조치.,P-SAF-001,259,정비원 M06
MH-0099,CNC-01,2026-07-07,,예방정비,필터 차압 점검 및 청소,,37,정비원 M01
MH-0127,CNC-01,2026-07-02,E-202,고장수리,절삭유 압력 저하 경보. 절삭유 필터 막힘 확인 후 조치.,P-LUB-002,240,정비원 M01
MH-0003,PRESS-03,2026-06-27,E-203,고장수리,"경보 발생했으나 게이지 정상. 압력 센서 출력 불안정, 센서 교체.",P-HYD-002,80,정비원 M03
MH-0043,CNC-01,2026-06-24,E-207,고장수리,윤활유 부족 경보. 윤활 펌프 고장 확인 후 조치.,P-LUB-001,56,정비원 M01
MH-0159,CNC-05,2026-06-23,,예방정비,필터 차압 점검 및 청소,,57,정비원 M02
MH-0048,CNC-01,2026-06-21,E-104,고장수리,서보 드라이브 알람 경보. 축 기계적 구속 확인 후 조치.,P-ELC-004,238,정비원 M05
MH-0061,PRESS-05,2026-06-21,E-210,고장수리,공압 압력 저하(클러치·브레이크) 경보. 공압 레귤레이터 고장 확인 후 조치.,P-PNE-002,256,정비원 M06
MH-0007,CNC-04,2026-06-16,E-101,고장수리,스핀들 모터 과부하 경보. 과도한 절삭 조건 확인 후 조치.,P-MEC-002,191,정비원 M04
MH-0011,CNC-01,2026-06-16,E-120,고장수리,NC 통신 이상 경보. DNC 케이블 불량 확인 후 조치.,P-ELC-003,54,정비원 M01
MH-0052,PRESS-04,2026-06-14,,예방정비,필터 차압 점검 및 청소,,45,정비원 M03
MH-0133,PRESS-05,2026-06-12,E-301,고장수리,금형 높이 이상 경보. 슬라이드 조정 모터 브레이크 마모 확인 후 조치.,P-MEC-001,257,정비원 M02
MH-0169,CNC-03,2026-06-12,E-308,고장수리,도어 인터록 열림 경보. 인터록 스위치 고장 확인 후 조치.,P-SAF-002,78,정비원 M03
MH-0023,PRESS-01,2026-06-11,,예방정비,"월간 점검 실시, 이상 없음",,41,정비원 M01
MH-0071,PRESS-05,2026-06-08,,예방정비,안전장치 기능 시험 합격,,54,정비원 M01
MH-0156,CNC-03,2026-06-08,E-104,고장수리,서보 드라이브 알람 경보. 축 기계적 구속 확인 후 조치.,P-ELC-004,213,정비원 M01
MH-0024,CNC-04,2026-06-07,,예방정비,전기 단자 조임 점검,,33,정비원 M05
MH-0049,PRESS-03,2026-06-07,E-115,고장수리,PLC 통신 이상 경보. 이더넷 케이블 접촉 불량 확인 후 조치.,P-ELC-003,121,정비원 M06
MH-0162,CNC-01,2026-06-07,E-101,고장수리,스핀들 모터 과부하 경보. 공구 마모로 절삭 저항 증가 확인 후 조치.,P-MEC-002,56,정비원 M02
MH-0037,CNC-01,2026-06-06,,예방정비,필터 차압 점검 및 청소,,39,정비원 M04
MH-0090,CNC-03,2026-06-04,E-302,고장수리,공구 마모 한계 초과 경보. 공구 수명 카운터 도달 확인 후 조치.,P-MEC-002,283,정비원 M03
MH-0102,PRESS-01,2026-05-30,E-305,고장수리,안전 광커튼 차단 경보. 작업자 신체가 위험 영역에 진입 확인 후 조치.,P-SAF-001,235,정비원 M04
MH-0117,CNC-01,2026-05-30,,예방정비,전기 단자 조임 점검,,52,정비원 M01
MH-0054,PRESS-02,2026-05-26,,예방정비,안전장치 기능 시험 합격,,22,정비원 M01
MH-0106,PRESS-04,2026-05-24,E-115,고장수리,PLC 통신 이상 경보. 이더넷 케이블 접촉 불량 확인 후 조치.,P-ELC-003,68,정비원 M02
MH-0014,CNC-04,2026-05-23,E-211,고장수리,공압 압력 저하(공구 클램프) 경보. 레귤레이터 고장 확인 후 조치.,P-PNE-001,252,정비원 M02
MH-0089,CNC-05,2026-05-22,,예방정비,필터 차압 점검 및 청소,,25,정비원 M03
MH-0004,PRESS-03,2026-05-21,E-203,고장수리,유압 필터 막힘. 필터 교체.,P-HYD-003,70,정비원 M03
MH-0096,CNC-03,2026-05-21,,예방정비,필터 차압 점검 및 청소,,27,정비원 M06
MH-0044,CNC-02,2026-05-18,,예방정비,안전장치 기능 시험 합격,,28,정비원 M06
MH-0098,CNC-03,2026-05-18,E-207,고장수리,윤활유 부족 경보. 자동 윤활 탱크 유량 부족 확인 후 조치.,P-LUB-001,181,정비원 M02
MH-0157,CNC-02,2026-05-18,,예방정비,"월간 점검 실시, 이상 없음",,49,정비원 M01
MH-0040,CNC-01,2026-05-14,,예방정비,안전장치 기능 시험 합격,,59,정비원 M06
MH-0182,PRESS-02,2026-05-14,E-305,고장수리,안전 광커튼 차단 경보. 작업자 신체가 위험 영역에 진입 확인 후 조치.,P-SAF-001,142,정비원 M04
MH-0143,CNC-03,2026-05-13,E-202,고장수리,절삭유 압력 저하 경보. 절삭유 필터 막힘 확인 후 조치.,P-LUB-002,127,정비원 M05
MH-0111,CNC-05,2026-05-12,E-308,고장수리,도어 인터록 열림 경보. 인터록 스위치 고장 확인 후 조치.,P-SAF-002,169,정비원 M05
MH-0184,PRESS-05,2026-05-11,,예방정비,"월간 점검 실시, 이상 없음",,51,정비원 M06
MH-0168,CNC-04,2026-05-09,E-302,고장수리,공구 마모 한계 초과 경보. 공구 수명 카운터 도달 확인 후 조치.,P-MEC-002,140,정비원 M04
MH-0153,PRESS-01,2026-05-04,E-102,고장수리,비상정지 회로 작동 경보. 작업자가 비상정지 버튼을 누름 확인 후 조치.,P-ELC-002,99,정비원 M04
MH-0190,CNC-02,2026-05-01,E-202,고장수리,절삭유 압력 저하 경보. 절삭유 필터 막힘 확인 후 조치.,P-LUB-002,69,정비원 M05
MH-0084,PRESS-01,2026-04-30,E-301,고장수리,금형 높이 이상 경보. 슬라이드 조정 모터 브레이크 마모 확인 후 조치.,P-MEC-001,68,정비원 M05
MH-0170,CNC-02,2026-04-29,E-211,고장수리,공압 압력 저하(공구 클램프) 경보. 레귤레이터 고장 확인 후 조치.,P-PNE-001,64,정비원 M01
MH-0097,PRESS-04,2026-04-28,,예방정비,필터 차압 점검 및 청소,,32,정비원 M02
MH-0198,PRESS-04,2026-04-25,E-115,고장수리,PLC 통신 이상 경보. 스위칭 허브 전원 이상 확인 후 조치.,P-ELC-003,82,정비원 M03
MH-0188,PRESS-01,2026-04-23,,예방정비,전기 단자 조임 점검,,43,정비원 M01
MH-0160,PRESS-04,2026-04-21,E-101,고장수리,메인 모터 과부하 경보. 연속 고속 운전으로 모터 과열 확인 후 조치.,P-ELC-001,96,정비원 M05
MH-0063,CNC-05,2026-04-18,,예방정비,필터 차압 점검 및 청소,,39,정비원 M02
MH-0177,PRESS-05,2026-04-16,E-115,고장수리,PLC 통신 이상 경보. PLC IP 충돌 확인 후 조치.,P-ELC-003,235,정비원 M01
MH-0005,CNC-01,2026-04-08,,예방정비,안전장치 기능 시험 합격,,24,정비원 M05
MH-0087,CNC-02,2026-04-04,E-308,고장수리,도어 인터록 열림 경보. 인터록 스위치 고장 확인 후 조치.,P-SAF-002,120,정비원 M06
MH-0095,CNC-05,2026-04-01,E-211,고장수리,공압 압력 저하(공구 클램프) 경보. 레귤레이터 고장 확인 후 조치.,P-PNE-001,210,정비원 M06
MH-0154,CNC-03,2026-03-31,E-302,고장수리,공구 마모 한계 초과 경보. 공구 수명 카운터 도달 확인 후 조치.,P-MEC-002,80,정비원 M04
MH-0013,CNC-02,2026-03-25,E-308,고장수리,도어 인터록 열림 경보. 가공 중 도어 개방 확인 후 조치.,P-SAF-002,88,정비원 M06
MH-0075,PRESS-05,2026-03-21,E-301,고장수리,금형 높이 이상 경보. 금형 교체 후 다이하이트 미설정 확인 후 조치.,P-MEC-001,142,정비원 M03
MH-0009,CNC-03,2026-03-18,E-308,고장수리,도어 인터록 열림 경보. 인터록 스위치 고장 확인 후 조치.,P-SAF-002,101,정비원 M02
MH-0073,CNC-02,2026-03-12,,예방정비,전기 단자 조임 점검,,46,정비원 M01
MH-0155,CNC-05,2026-03-12,E-207,고장수리,윤활유 부족 경보. 윤활 펌프 고장 확인 후 조치.,P-LUB-001,141,정비원 M04
MH-0107,PRESS-01,2026-03-11,E-305,고장수리,안전 광커튼 차단 경보. 작업자 신체가 위험 영역에 진입 확인 후 조치.,P-SAF-001,148,정비원 M03
MH-0050,CNC-01,2026-03-10,E-202,고장수리,절삭유 압력 저하 경보. 절삭유 필터 막힘 확인 후 조치.,P-LUB-002,85,정비원 M04
MH-0116,CNC-01,2026-03-10,E-207,고장수리,윤활유 부족 경보. 자동 윤활 탱크 유량 부족 확인 후 조치.,P-LUB-001,262,정비원 M01
MH-0181,CNC-03,2026-03-08,,예방정비,"월간 점검 실시, 이상 없음",,42,정비원 M04
MH-0074,PRESS-04,2026-03-05,E-101,고장수리,메인 모터 과부하 경보. 클러치 미끄럼으로 부하 증가 확인 후 조치.,P-ELC-001,33,정비원 M03
MH-0047,PRESS-03,2026-02-28,,예방정비,안전장치 기능 시험 합격,,43,정비원 M01
MH-0135,CNC-01,2026-02-28,,예방정비,전기 단자 조임 점검,,56,정비원 M06
MH-0055,CNC-05,2026-02-26,,예방정비,안전장치 기능 시험 합격,,47,정비원 M05
MH-0021,CNC-01,2026-02-24,E-308,고장수리,도어 인터록 열림 경보. 가공 중 도어 개방 확인 후 조치.,P-SAF-002,145,정비원 M01
MH-0195,CNC-03,2026-02-22,E-207,고장수리,윤활유 부족 경보. 윤활 펌프 고장 확인 후 조치.,P-LUB-001,289,정비원 M01
MH-0069,CNC-04,2026-02-20,E-308,고장수리,도어 인터록 열림 경보. 인터록 스위치 고장 확인 후 조치.,P-SAF-002,156,정비원 M06
MH-0028,CNC-04,2026-02-19,,예방정비,필터 차압 점검 및 청소,,37,정비원 M04
MH-0079,PRESS-04,2026-02-16,,예방정비,전기 단자 조임 점검,,37,정비원 M04
MH-0065,PRESS-02,2026-02-15,E-201,고장수리,유압유 온도 상승 경보. 유압유 부족 확인 후 조치.,P-HYD-006,234,정비원 M02
MH-0118,CNC-04,2026-02-12,E-202,고장수리,절삭유 압력 저하 경보. 절삭유 부족 확인 후 조치.,P-LUB-002,285,정비원 M06
MH-0196,PRESS-05,2026-02-12,E-101,고장수리,메인 모터 과부하 경보. 클러치 미끄럼으로 부하 증가 확인 후 조치.,P-ELC-001,69,정비원 M06
MH-0067,CNC-04,2026-02-11,,예방정비,필터 차압 점검 및 청소,,27,정비원 M04
MH-0068,PRESS-03,2026-02-11,E-210,고장수리,공압 압력 저하(클러치·브레이크) 경보. 솔레노이드 밸브 누설 확인 후 조치.,P-PNE-002,288,정비원 M04
MH-0077,PRESS-03,2026-02-09,E-101,고장수리,메인 모터 과부하 경보. 열동 계전기 설정값 불량 확인 후 조치.,P-ELC-001,43,정비원 M01
MH-0051,PRESS-01,2026-02-08,,예방정비,전기 단자 조임 점검,,42,정비원 M03
MH-0151,PRESS-04,2026-02-07,,예방정비,안전장치 기능 시험 합격,,59,정비원 M02
MH-0082,PRESS-03,2026-02-06,E-201,고장수리,유압유 온도 상승 경보. 릴리프 밸브 상시 개방으로 발열 확인 후 조치.,P-HYD-006,161,정비원 M03
MH-0128,CNC-01,2026-02-06,E-302,고장수리,공구 마모 한계 초과 경보. 공구 수명 카운터 도달 확인 후 조치.,P-MEC-002,283,정비원 M01
MH-0034,CNC-05,2026-02-04,E-120,고장수리,NC 통신 이상 경보. DNC 케이블 불량 확인 후 조치.,P-ELC-003,125,정비원 M01
MH-0076,CNC-02,2026-01-31,,예방정비,안전장치 기능 시험 합격,,45,정비원 M06
MH-0091,PRESS-03,2026-01-30,,예방정비,안전장치 기능 시험 합격,,41,정비원 M03
MH-0093,CNC-02,2026-01-29,E-202,고장수리,절삭유 압력 저하 경보. 절삭유 부족 확인 후 조치.,P-LUB-002,281,정비원 M04
MH-0166,PRESS-02,2026-01-28,E-305,고장수리,안전 광커튼 차단 경보. 작업자 신체가 위험 영역에 진입 확인 후 조치.,P-SAF-001,194,정비원 M05
MH-0112,CNC-04,2026-01-27,E-101,고장수리,스핀들 모터 과부하 경보. 스핀들 베어링 손상 확인 후 조치.,P-MEC-002,195,정비원 M05
MH-0137,PRESS-04,2026-01-25,E-115,고장수리,PLC 통신 이상 경보. 스위칭 허브 전원 이상 확인 후 조치.,P-ELC-003,160,정비원 M04
MH-0129,PRESS-03,2026-01-22,E-210,고장수리,공압 압력 저하(클러치·브레이크) 경보. 공압 레귤레이터 고장 확인 후 조치.,P-PNE-001,81,정비원 M05
MH-0199,PRESS-02,2026-01-21,E-101,고장수리,메인 모터 과부하 경보. 열동 계전기 설정값 불량 확인 후 조치.,P-ELC-001,254,정비원 M04
MH-0039,PRESS-04,2026-01-20,,예방정비,안전장치 기능 시험 합격,,24,정비원 M02
MH-0062,PRESS-04,2026-01-18,E-115,고장수리,PLC 통신 이상 경보. 스위칭 허브 전원 이상 확인 후 조치.,P-ELC-003,293,정비원 M06
MH-0164,CNC-01,2026-01-17,E-308,고장수리,도어 인터록 열림 경보. 가공 중 도어 개방 확인 후 조치.,P-SAF-002,296,정비원 M03
MH-0070,PRESS-05,2026-01-13,E-201,고장수리,유압유 온도 상승 경보. 유압유 부족 확인 후 조치.,P-HYD-006,69,정비원 M06
MH-0200,CNC-04,2026-01-12,E-211,고장수리,공압 압력 저하(공구 클램프) 경보. 레귤레이터 고장 확인 후 조치.,P-PNE-001,228,정비원 M04
MH-0163,CNC-02,2026-01-10,,예방정비,"월간 점검 실시, 이상 없음",,50,정비원 M04
MH-0191,PRESS-02,2026-01-08,E-210,고장수리,공압 압력 저하(클러치·브레이크) 경보. 솔레노이드 밸브 누설 확인 후 조치.,P-PNE-002,105,정비원 M02
MH-0006,PRESS-03,2026-01-06,E-115,고장수리,PLC 통신 이상 경보. 스위칭 허브 전원 이상 확인 후 조치.,P-ELC-003,168,정비원 M06
MH-0010,CNC-04,2026-01-04,,예방정비,전기 단자 조임 점검,,57,정비원 M04
MH-0057,CNC-04,2026-01-04,E-202,고장수리,절삭유 압력 저하 경보. 절삭유 펌프 고장 확인 후 조치.,P-LUB-002,65,정비원 M06
MH-0033,CNC-05,2026-01-02,,예방정비,안전장치 기능 시험 합격,,23,정비원 M01
MH-0132,CNC-03,2026-01-02,,예방정비,"월간 점검 실시, 이상 없음",,35,정비원 M06
MH-0109,PRESS-02,2026-01-01,,예방정비,필터 차압 점검 및 청소,,37,정비원 M02
MH-0046,PRESS-03,2025-12-31,,예방정비,안전장치 기능 시험 합격,,57,정비원 M05
MH-0123,CNC-03,2025-12-28,,예방정비,필터 차압 점검 및 청소,,58,정비원 M05
MH-0042,PRESS-02,2025-12-27,,예방정비,안전장치 기능 시험 합격,,58,정비원 M02
MH-0100,PRESS-01,2025-12-27,,예방정비,필터 차압 점검 및 청소,,60,정비원 M04
MH-0172,CNC-04,2025-12-23,,예방정비,"월간 점검 실시, 이상 없음",,46,정비원 M03
MH-0025,PRESS-03,2025-12-18,E-201,고장수리,유압유 온도 상승 경보. 유압유 부족 확인 후 조치.,P-HYD-006,127,정비원 M01
MH-0175,PRESS-05,2025-12-17,,예방정비,전기 단자 조임 점검,,55,정비원 M05
MH-0187,CNC-01,2025-12-16,E-302,고장수리,공구 마모 한계 초과 경보. 공구 수명 카운터 도달 확인 후 조치.,P-MEC-002,88,정비원 M04
MH-0103,PRESS-02,2025-12-15,E-101,고장수리,메인 모터 과부하 경보. 연속 고속 운전으로 모터 과열 확인 후 조치.,P-ELC-001,185,정비원 M01
MH-0105,PRESS-05,2025-12-09,E-203,고장수리,유압 압력 저하 경보. 유압 필터 막힘으로 흡입 불량 확인 후 조치.,P-HYD-003,136,정비원 M06
MH-0020,CNC-04,2025-11-30,E-202,고장수리,절삭유 압력 저하 경보. 절삭유 부족 확인 후 조치.,P-LUB-003,189,정비원 M04
MH-0083,PRESS-03,2025-11-30,E-102,고장수리,비상정지 회로 작동 경보. 비상정지 스위치 접점 불량 확인 후 조치.,P-ELC-002,85,정비원 M05
MH-0016,CNC-04,2025-11-29,,예방정비,안전장치 기능 시험 합격,,30,정비원 M05
MH-0197,PRESS-02,2025-11-26,E-301,고장수리,금형 높이 이상 경보. 슬라이드 조정 모터 브레이크 마모 확인 후 조치.,P-MEC-001,260,정비원 M05
MH-0058,CNC-01,2025-11-21,,예방정비,"월간 점검 실시, 이상 없음",,39,정비원 M05
MH-0131,CNC-01,2025-11-21,E-104,고장수리,서보 드라이브 알람 경보. 축 기계적 구속 확인 후 조치.,P-ELC-004,224,정비원 M03
MH-0012,PRESS-03,2025-11-19,,예방정비,전기 단자 조임 점검,,58,정비원 M01
MH-0178,PRESS-03,2025-11-16,E-102,고장수리,비상정지 회로 작동 경보. 비상정지 스위치 접점 불량 확인 후 조치.,P-ELC-002,244,정비원 M04
MH-0152,PRESS-02,2025-11-15,E-203,고장수리,유압 압력 저하 경보. 유압 필터 막힘으로 흡입 불량 확인 후 조치.,P-HYD-004,101,정비원 M01
MH-0158,PRESS-04,2025-11-12,E-101,고장수리,메인 모터 과부하 경보. 클러치 미끄럼으로 부하 증가 확인 후 조치.,P-ELC-001,154,정비원 M02
MH-0165,CNC-03,2025-11-11,E-101,고장수리,스핀들 모터 과부하 경보. 공구 마모로 절삭 저항 증가 확인 후 조치.,P-MEC-002,248,정비원 M06
MH-0194,CNC-05,2025-11-11,E-211,고장수리,공압 압력 저하(공구 클램프) 경보. 공압 라인 압력 부족 확인 후 조치.,P-PNE-001,255,정비원 M01
MH-0088,CNC-04,2025-11-07,,예방정비,전기 단자 조임 점검,,49,정비원 M04
MH-0066,PRESS-03,2025-11-05,E-102,고장수리,비상정지 회로 작동 경보. 작업자가 비상정지 버튼을 누름 확인 후 조치.,P-ELC-002,120,정비원 M06
MH-0174,PRESS-03,2025-11-04,E-102,고장수리,비상정지 회로 작동 경보. 안전 릴레이 배선 단선 확인 후 조치.,P-ELC-002,218,정비원 M01
MH-0026,PRESS-02,2025-11-03,E-301,고장수리,금형 높이 이상 경보. 금형 교체 후 다이하이트 미설정 확인 후 조치.,P-MEC-001,57,정비원 M06
MH-0032,CNC-04,2025-11-02,E-120,고장수리,NC 통신 이상 경보. 네트워크 설정 오류 확인 후 조치.,P-ELC-003,141,정비원 M01
MH-0086,CNC-02,2025-11-02,E-211,고장수리,공압 압력 저하(공구 클램프) 경보. 레귤레이터 고장 확인 후 조치.,P-PNE-001,280,정비원 M01
MH-0059,PRESS-05,2025-10-30,E-301,고장수리,금형 높이 이상 경보. 슬라이드 조정 모터 브레이크 마모 확인 후 조치.,P-MEC-001,128,정비원 M04
MH-0138,PRESS-05,2025-10-30,,예방정비,전기 단자 조임 점검,,38,정비원 M06
MH-0150,CNC-01,2025-10-27,E-207,고장수리,윤활유 부족 경보. 윤활 펌프 고장 확인 후 조치.,P-LUB-001,85,정비원 M06
MH-0176,CNC-05,2025-10-26,E-101,고장수리,스핀들 모터 과부하 경보. 과도한 절삭 조건 확인 후 조치.,P-MEC-002,122,정비원 M03
MH-0060,CNC-02,2025-10-25,E-120,고장수리,NC 통신 이상 경보. 네트워크 설정 오류 확인 후 조치.,P-ELC-003,30,정비원 M03
MH-0144,PRESS-05,2025-10-24,E-115,고장수리,PLC 통신 이상 경보. PLC IP 충돌 확인 후 조치.,P-ELC-003,50,정비원 M03
MH-0140,CNC-02,2025-10-18,,예방정비,안전장치 기능 시험 합격,,32,정비원 M04
MH-0092,CNC-05,2025-10-12,E-101,고장수리,스핀들 모터 과부하 경보. 과도한 절삭 조건 확인 후 조치.,P-MEC-002,153,정비원 M06
MH-0108,PRESS-05,2025-10-12,E-102,고장수리,비상정지 회로 작동 경보. 비상정지 스위치 접점 불량 확인 후 조치.,P-ELC-002,131,정비원 M04
MH-0122,CNC-04,2025-10-10,,예방정비,전기 단자 조임 점검,,50,정비원 M02
