part_no,name,category
P-ELC-001,메인 모터 열동 계전기,전기
P-ELC-002,비상정지 스위치 접점 블록,전기
P-ELC-003,PLC 통신 케이블(이더넷),전기
P-ELC-004,서보 드라이브 냉각팬,전기
P-HYD-001,유압 펌프 씰 키트,유압
P-HYD-002,유압 압력 센서,유압
P-HYD-003,유압 필터 엘리먼트,유압
P-HYD-004,릴리프 밸브,유압
P-HYD-005,유압유 냉각기 팬,유압
P-HYD-006,유압유 ISO VG46 (20L),유압
P-PNE-001,공압 레귤레이터,공압
P-PNE-002,공압 솔레노이드 밸브,공압
P-LUB-001,자동 윤활 펌프,윤활
P-LUB-002,절삭유 펌프,윤활
P-LUB-003,절삭유 필터,윤활
P-MEC-001,슬라이드 조정 모터 브레이크,기계
P-MEC-002,엔드밀 Ø10 초경,공구
P-SAF-001,안전 광커튼 수광부,안전
P-SAF-002,도어 인터록 스위치,안전
