part_no,qty,min_qty,location
P-ELC-001,4,5,자재창고 C-09
P-ELC-002,3,5,자재창고 B-01
P-ELC-003,1,2,자재창고 A-04
P-ELC-004,17,5,자재창고 A-09
P-HYD-001,7,5,자재창고 C-12
P-HYD-002,0,5,자재창고 B-04
P-HYD-003,15,5,자재창고 B-01
P-HYD-004,25,2,자재창고 C-07
P-HYD-005,11,3,자재창고 A-04
P-HYD-006,25,3,자재창고 A-02
P-PNE-001,13,2,자재창고 B-06
P-PNE-002,20,3,자재창고 A-12
P-LUB-001,15,5,자재창고 A-07
P-LUB-002,3,5,자재창고 B-11
P-LUB-003,20,3,자재창고 C-04
P-MEC-001,23,2,자재창고 A-11
P-MEC-002,8,3,자재창고 A-04
P-SAF-001,28,2,자재창고 B-05
P-SAF-002,15,5,자재창고 B-03
